Scientific name,Lat,Lng,Date,Id,Geoprivacy,Quality grade
Sicarius fumosus,-33.5834341,-70.38095296,2023-04-02,153631424,None,research
Colliguaja odorifera,-33.5816802,-70.37924829,2023-04-02,153628210,None,research
Bubo magellanicus,-33.58365116,-70.3639736,2023-03-02,152762365,open,research
Colliguaja odorifera,-33.53481006,-70.38600393,2022-11-24,152369557,None,research
Rachiptera limbata,-33.55441961,-70.37801497,2009-11-14,152367832,None,research
Hermetia illucens,-33.57771174,-70.40191809,2023-03-21,151845578,None,research
Perusia inusta,-33.57657197,-70.402938,2023-02-24,149575708,None,research
Liolaemus tenuis,-33.557615,-70.398346,2023-02-04,148353277,None,research
Aquarius chilensis,-33.556909,-70.398646,2023-02-04,148353276,None,research
Aquarius chilensis,-33.556319,-70.398711,2023-02-04,148353271,None,research
Daptrius chimango,-33.558706,-70.397445,2023-02-04,148353270,open,research
Bombus terrestris,-33.55673,-70.398839,2023-02-04,148353268,None,research
Polistes buyssoni,-33.56513412,-70.39825995,2023-02-04,148353264,None,research
Liolaemus tenuis,-33.556373,-70.397895,2023-02-04,148353261,None,research
Cylindrophora maulica,-33.557639,-70.39812,2023-02-04,148219756,None,research
Philodryas chamissonis,-33.56533085,-70.3968652,2023-01-24,147742640,open,research
Coptopteryx gayi,-33.5779392,-70.4073041,2023-01-28,147520609,None,research
Podanthus mitiqui,-33.57722256,-70.39174888,2023-01-22,147124800,None,research
Polybetes martius,-33.58547784,-70.38911965,2023-01-04,146787013,None,research
Coptopteryx gayi,-33.58538611,-70.38899444,2023-01-11,146786813,None,research
Hirmoneuropsis brevirostrata,-33.576419,-70.40299297,2023-01-14,146529414,None,research
Leptoglossus chilensis,-33.576377,-70.40292997,2023-01-10,146292360,None,research
Liolaemus chiliensis,-33.5576791,-70.39840344,2023-01-08,146198711,None,research
Asthenes modesta,-33.55762167,-70.39779667,2022-12-29,146178348,open,research
Mutisia subulata subulata,-33.55762167,-70.39852833,2022-12-30,146178261,None,research
Liolaemus nitidus,-33.57876354,-70.3773757,2023-01-06,146004670,None,research
Cladodes flabellata,-33.576393,-70.402984,2023-01-04,145842367,None,research
Alstroemeria revoluta,-33.55900572,-70.38269806,2023-01-01,145698448,None,research
Leistes loyca,-33.58332464,-70.36202062,2022-12-15,144957082,open,research
Leistes loyca,-33.58477175,-70.36364436,2022-12-15,144924581,open,research
Troglodytes aedon,-33.58804601,-70.36633898,2022-12-15,144924353,open,research
Maytenus boaria,-33.55878518,-70.39772343,2020-12-20,144355883,open,research
Alstroemeria ligtu simsii,-33.54087833,-70.40341167,2022-12-09,144171898,None,research
Aristotelia chilensis,-33.58765829,-70.3936986,2022-12-11,144171561,None,research
Euspinolia ornatula,-33.58389947,-70.36381837,2022-12-09,144036662,None,research
Aristotelia chilensis,-33.58417459,-70.36419455,2022-12-09,144034526,None,research
Sphex latreillei,-33.58401231,-70.36380798,2022-12-09,144034517,None,research
Phorbanta variabilis,-33.5840232,-70.36449563,2022-12-09,144034498,None,research
Vespa orientalis,-33.583438,-70.393,2022-12-05,143765229,None,research
Bubo magellanicus,-33.57865441,-70.36117908,2022-10-26,143402981,open,research
Alstroemeria ligtu simsii,-33.580055,-70.39663,2022-11-27,143206168,None,research
Scyphanthus elegans,-33.58016667,-70.39675333,2022-11-27,143206133,None,research
Escallonia pulverulenta,-33.579125,-70.385895,2022-11-27,143206050,open,research
Zephyranthes advena,-33.58007,-70.39668333,2022-11-27,143206025,None,research
Alstroemeria ligtu,-33.57691697,-70.39227191,2022-11-27,143151047,None,research
Otholobium glandulosum,-33.58140674,-70.39717008,2022-11-19,142392749,None,research
Pardirallus sanguinolentus,-33.57489739,-70.40265855,2022-11-05,142067365,open,research
Liolaemus chiliensis,-33.57506053,-70.40244799,2022-11-05,142067259,None,research
Oenothera stricta,-33.56824881,-70.3982063,2022-11-05,142067069,None,research
Silybum marianum,-33.57903143,-70.39616635,2022-11-13,141983458,open,research
Callipepla californica,-33.57904763,-70.39518,2022-11-13,141983456,open,research
Elaenia albiceps chilensis,-33.57871688,-70.39555464,2022-11-13,141983455,open,research
Ectinogonia buquetii,-33.57825245,-70.39394813,2022-11-13,141983451,None,research
Colliguaja odorifera,-33.57759709,-70.39129623,2022-11-13,141950947,None,research
Ormiscodes amphimone,-33.5774876,-70.39129374,2022-11-13,141950946,None,research
Troglodytes aedon,-33.57741385,-70.39073048,2022-11-13,141950945,open,research
Platycheirus fenestrata,-33.57788565,-70.39093701,2022-11-13,141950942,None,research
Alstroemeria ligtu,-33.5777046,-70.39067912,2022-11-13,141950938,None,research
Liolaemus monticola,-33.57780069,-70.39092857,2022-11-13,141950937,open,research
Alonsoa meridionalis,-33.57749365,-70.39101361,2022-11-13,141950933,None,research
Cestrum parqui,-33.57769731,-70.39115198,2022-11-13,141950931,open,research
Stachys grandidentata,-33.57770589,-70.3908167,2022-11-13,141950926,None,research
Oogenius chilensis,-33.57761453,-70.39101835,2022-11-13,141950924,None,research
Colletia hystrix,-33.577533,-70.390735,2022-11-13,141950918,None,research
Escallonia pulverulenta,-33.57799798,-70.39436344,2022-11-13,141940691,open,research
Adiantum chilense sulphureum,-33.57787061,-70.39419178,2022-11-13,141940690,None,research
Lithraea caustica,-33.5780248,-70.39410863,2022-11-13,141940686,open,research
Pasithea caerulea,-33.577962,-70.394173,2022-11-13,141940682,None,research
Phacelia secunda,-33.57992778,-70.39653889,2022-11-13,141937076,None,research
Leucocoryne ixioides,-33.57995278,-70.39538611,2022-11-13,141937074,None,research
Schinus polygama,-33.58001944,-70.39605,2022-11-13,141937072,open,research
Scyphanthus elegans,-33.58025,-70.39669444,2022-11-13,141937068,None,research
Calceolaria thyrsiflora,-33.58110556,-70.39661944,2022-11-13,141935622,None,research
Vanessa carye,-33.57863,-70.394399,2022-11-13,141934269,None,research
Pasithea caerulea,-33.55972922,-70.38657565,2022-11-13,141928684,None,research
Eccremocarpus scaber,-33.55963724,-70.38643297,2022-11-13,141928663,None,research
Teucrium bicolor,-33.55973017,-70.38650697,2022-11-13,141928559,None,research
Alstroemeria ligtu simsii,-33.56114623,-70.38995739,2022-11-13,141928475,None,research
Podanthus mitiqui,-33.5618992,-70.39183227,2022-11-13,141928359,None,research
Cryptocarya alba,-33.56407812,-70.3955507,2022-11-13,141927319,open,research
Kageneckia oblonga,-33.56423769,-70.39598419,2022-11-13,141927308,open,research
Otholobium glandulosum,-33.57195332,-70.39808372,2022-11-13,141927263,None,research
Colliguaja odorifera,-33.57266552,-70.39824369,2022-11-13,141914289,None,research
Quinchamalium chilense,-33.57433066,-70.39879895,2022-11-13,141913024,None,research
Leucocoryne ixioides,-33.57909474,-70.39771284,2022-11-13,141909795,None,research
Colletia hystrix,-33.57952695,-70.39724857,2022-11-13,141909699,open,research
Lithraea caustica,-33.57951927,-70.39717885,2022-11-13,141909619,open,research
Alstroemeria ligtu simsii,-33.58131966,-70.39714038,2022-11-13,141909275,None,research
Scyphanthus elegans,-33.58034961,-70.39686083,2022-11-13,141908839,None,research
Calceolaria thyrsiflora,-33.58093758,-70.39654519,2022-11-13,141908127,None,research
Manduca sexta caestri,-33.57640364,-70.4030064,2022-11-11,141692792,None,research
Trevoa quinquenervia,-33.57868681,-70.3945414,2022-10-29,141506640,None,research
Schinus polygama,-33.57864519,-70.39495982,2022-10-29,141506250,open,research
Cestrum parqui,-33.5769977,-70.39393555,2022-10-29,141506040,open,research
Podanthus mitiqui,-33.57832676,-70.39325159,2022-10-29,141505830,None,research
Ageratina glechonophylla,-33.57637814,-70.39465137,2022-10-29,141505429,None,research
Trichocereus chiloensis,-33.57627144,-70.40306293,2022-11-05,141174943,None,research
Mimus thenca,-33.57664546,-70.40297896,2022-07-14,141162473,open,research
Anairetes parulus,-33.57646613,-70.40304031,2022-10-21,141161779,open,research
Chiasmetes limae,-33.57648568,-70.40307451,2022-01-14,141160636,None,research
Polistes buyssoni,-33.5764206,-70.40321566,2022-02-04,141160194,None,research
Coptopteryx gayi,-33.57652758,-70.40317543,2022-01-14,141159880,None,research
Phoracantha recurva,-33.57650607,-70.40305573,2022-02-05,141159535,None,research
Polythysana cinerascens,-33.57642842,-70.4030212,2021-03-13,141156572,None,research
Cercophana venusta,-33.57651049,-70.40300699,2020-04-01,141155749,None,research
Teucrium bicolor,-33.536454,-70.396327,2022-10-30,140935094,None,research
Podanthus mitiqui,-33.536454,-70.396327,2022-10-30,140935083,None,research
Leucocoryne ixioides,-33.536454,-70.396327,2022-10-30,140935080,None,research
Alloscirtetica gayi,-33.536454,-70.396327,2022-10-30,140935076,None,research
Cheilanthes glauca,-33.536454,-70.396327,2022-10-30,140935064,None,research
Quinchamalium chilense,-33.536454,-70.396327,2022-10-30,140935058,None,research
Blechnum hastatum,-33.536454,-70.396327,2022-10-30,140935055,None,research
Liolaemus lemniscatus,-33.536454,-70.396327,2022-10-30,140935053,None,research
Cissus striata,-33.536454,-70.396327,2022-10-30,140935052,None,research
Chloraea galeata,-33.547042,-70.401477,2022-10-30,140935049,None,research
Rhinella spinulosa,-33.536454,-70.396327,2022-10-30,140935047,None,research
Azara petiolaris,-33.536454,-70.396327,2022-10-30,140935046,open,research
Sisyrinchium striatum,-33.5378489,-70.4029403,2022-10-30,140935045,None,research
Stachys grandidentata,-33.5378489,-70.4029403,2022-10-30,140935042,None,research
Trichocereus chiloensis chiloensis,-33.5378489,-70.4029403,2022-10-30,140932636,None,research
Cistanthe grandiflora,-33.58399268,-70.38027637,2021-08-15,140924634,None,research
Stachys grandidentata,-33.55661087,-70.38378144,2021-09-26,140924575,None,research
Stellaria chilensis,-33.57677997,-70.3960721,2022-09-10,140924164,None,research
Liolaemus tenuis,-33.57519749,-70.39738907,2022-09-10,140924123,None,research
Schizanthus pinnatus,-33.53771426,-70.4029404,2022-10-31,140829298,None,research
Leucocoryne ixioides,-33.57177897,-70.40000297,2022-10-30,140557866,None,research
Puya alpestris zoellneri,-33.57778667,-70.37484667,2022-10-25,140157734,None,research
Leucheria tenuis,-33.579925,-70.39549167,2022-10-24,139876240,None,research
Cryptocarya alba,-33.579293,-70.381586,2022-10-20,139633979,open,research
Cryptocarya alba,-33.579007,-70.37841,2022-10-20,139633195,open,research
Strymon bicolor,-33.579007,-70.37841,2022-10-20,139633139,None,research
Leucocoryne ixioides,-33.578435,-70.377037,2022-10-20,139633048,None,research
Strymon bicolor,-33.579651,-70.379269,2022-10-20,139632842,None,research
Liolaemus fuscus,-33.579723,-70.380041,2022-10-20,139632739,open,research
Oxalis arenaria,-33.580152,-70.382959,2022-10-20,139632578,None,research
Loasa triloba,-33.579723,-70.385191,2022-10-20,139632219,None,research
Alonsoa meridionalis,-33.580152,-70.38871,2022-10-20,139632155,None,research
Podanthus mitiqui,-33.579763,-70.392778,2022-10-20,139632049,None,research
Vanessa terpsichore,-33.5657,-70.3971,2021-11-29,138402438,None,research
Troglodytes aedon,-33.5657,-70.3971,2021-11-29,138402436,open,research
Maytenus boaria,-33.58176167,-70.39451667,2022-10-08,138400431,open,research
Leptoglossus chilensis,-33.5657,-70.3971,2021-11-29,138395755,None,research
Liolaemus tenuis,-33.5657,-70.3971,2021-11-29,138395749,None,research
Ectinogonia buquetii,-33.57351857,-70.39830574,2021-11-29,138395736,None,research
Tyndaris planata,-33.57588362,-70.39825594,2021-11-29,138394385,None,research
Liolaemus tenuis,-33.57793975,-70.39332761,2022-10-08,138261824,None,research
Liolaemus tenuis,-33.57639247,-70.39476857,2022-10-08,138261231,None,research
Loasa placei,-33.57633,-70.404666,2019-10-31,138204363,None,research
Pasithea caerulea,-33.575281,-70.400745,2019-10-31,138203997,None,research
Astylus trifasciatus,-33.58181667,-70.39451667,2022-10-08,138100599,None,research
Mimus thenca,-33.58186038,-70.40139144,2022-10-08,138034531,open,research
Solanum furcatum,-33.58184167,-70.39470278,2022-10-08,138028459,None,research
Ectinogonia buquetii,-33.58169167,-70.39484722,2022-10-08,138027810,None,research
Oxalis arenaria,-33.58666167,-70.36641667,2022-10-02,138011708,None,research
Tropaeolum tricolor,-33.57746667,-70.3934,2022-10-08,138003667,None,research
Adiantum chilense,-33.57800278,-70.39376389,2022-10-08,138001848,None,research
Colliguaja odorifera,-33.57984534,-70.39535794,2022-10-08,137999849,None,research
Calceolaria corymbosa,-33.58168333,-70.39486111,2022-10-08,137998841,None,research
Stachys grandidentata,-33.58169167,-70.39485833,2022-10-08,137998093,None,research
Stellaria chilensis,-33.5806445,-70.39640223,2022-10-08,137997605,None,research
Aristotelia chilensis,-33.58183083,-70.39449702,2022-10-08,137994022,None,research
Maytenus boaria,-33.58187472,-70.39453436,2022-10-08,137993876,open,research
Tropaeolum tricolor,-33.58175278,-70.39458056,2022-10-08,137993327,None,research
Quillaja saponaria,-33.58206716,-70.39498753,2022-10-08,137992212,open,research
Solanum crispum,-33.58205622,-70.39496326,2022-10-08,137991881,None,research
Eschscholzia californica,-33.58226462,-70.39472778,2022-10-08,137991845,None,research
Baccharis linearis,-33.58225269,-70.39475277,2022-10-08,137991791,None,research
Lithraea caustica,-33.58240659,-70.39463709,2022-10-08,137991735,open,research
Solanum crispum,-33.58182871,-70.39457482,2022-10-08,137991367,None,research
Eccremocarpus scaber,-33.58204633,-70.3946352,2022-10-08,137990965,None,research
Quillaja saponaria,-33.58236309,-70.39462907,2022-10-08,137989563,open,research
Eschscholzia californica,-33.58247873,-70.39450244,2022-10-08,137989020,None,research
Stellaria chilensis,-33.580608,-70.39640687,2021-10-16,137985377,None,research
Adiantum chilense sulphureum,-33.57746,-70.3931101,2021-10-16,137985005,None,research
Medicago sativa,-33.585802,-70.39661667,2022-10-08,137981980,open,research
Solanum crispum,-33.58215621,-70.39337708,2022-10-04,137974066,None,research
Oxalis rosea,-33.58661667,-70.366355,2022-10-02,137811524,None,research
Solenomelus pedunculatus,-33.58619667,-70.36610333,2022-10-02,137477066,None,research
Carex setifolia,-33.58673667,-70.36638667,2022-10-02,137476934,None,research
Lathyrus magellanicus,-33.58502,-70.36573833,2022-10-02,137476840,open,research
Adiantum excisum,-33.58587833,-70.36568333,2022-10-02,137476111,None,research
Phacelia secunda,-33.58634167,-70.36567833,2022-10-02,137476045,None,research
Tropaeolum tricolor,-33.58828333,-70.366705,2022-10-02,137476029,None,research
Loasa triloba,-33.53783123,-70.3939625,2022-10-02,137364648,None,research
Stellaria chilensis,-33.51997708,-70.37605721,2022-10-02,137363566,None,research
Lupinus microcarpus,-33.56561176,-70.38110423,2022-10-02,137350652,open,research
Viola subandina,-33.57661327,-70.39524165,2022-09-19,137018845,None,research
Olsynium scirpoideum,-33.57716114,-70.39563939,2022-09-10,137018549,None,research
Podanthus mitiqui,-33.57693455,-70.39548285,2022-09-10,137018354,None,research
Alstroemeria ligtu,-33.56262601,-70.39616618,2021-11-06,137018095,None,research
Blechnum hastatum,-33.57736597,-70.39268133,2022-09-10,137017887,None,research
Pasithea caerulea,-33.5796511,-70.38933285,2020-10-09,136978272,None,research
Tropaeolum tricolor,-33.58039532,-70.38820161,2020-10-09,136977849,None,research
Porlieria chilensis,-33.58749464,-70.37200787,2022-06-11,135925939,None,research
Hordeum murinum,-33.58444665,-70.3959018,2022-09-08,134163173,open,research
Bubo magellanicus,-33.58422809,-70.39270701,2022-08-28,132980712,open,research
Schinus montana,-33.53969069,-70.3617237,2022-08-15,131028330,None,research
Trichocereus chiloensis,-33.56005834,-70.34415853,2022-08-13,131026843,None,research
Maytenus boaria,-33.5288952,-70.36023915,2022-08-13,131024541,open,research
Cryptocarya alba,-33.57774491,-70.39771579,2022-07-21,130187886,open,research
Liolaemus tenuis,-33.5546016,-70.39824467,2020-12-20,129277919,None,research
Cistanthe grandiflora,-33.57644167,-70.37915,2022-07-02,125492989,None,research
Brachystele unilateralis,-33.54994275,-70.39939943,2022-02-03,123632990,None,research
Liolaemus monticola,-33.55162003,-70.39953055,2022-02-02,123632988,open,research
Mutisia subulata subulata,-33.55147697,-70.40073218,2022-02-02,123632987,None,research
Mutisia subulata subulata,-33.55174431,-70.40020286,2022-02-02,123632956,None,research
Tetraglochin alata,-33.5506671,-70.39936412,2022-02-03,123632897,None,research
Calceolaria thyrsiflora,-33.5506139,-70.39941178,2022-02-03,123632796,None,research
Eryngium paniculatum,-33.55011179,-70.3996639,2022-02-03,123632763,None,research
Azorella prolifera,-33.55174023,-70.39979265,2022-02-03,123632761,None,research
Alstroemeria revoluta,-33.55161506,-70.40015743,2022-02-02,123632759,None,research
Escallonia pulverulenta,-33.55154186,-70.40070604,2022-02-02,123632742,open,research
Gochnatia foliolosa,-33.5514748,-70.40066581,2022-02-02,123632738,None,research
Scyphanthus elegans,-33.53784029,-70.4029404,2020-12-08,121690607,None,research
Bagrada hilaris,-33.57671278,-70.3566552,2022-05-21,118093923,None,research
Escallonia pulverulenta,-33.56900333,-70.39718667,2021-12-06,113177844,open,research
Crataegus monogyna,-33.58642008,-70.39221788,2022-04-02,110194901,open,research
Crataegus monogyna,-33.58645,-70.39216944,2022-04-02,110194808,open,research
Kageneckia oblonga,-33.55621667,-70.40132833,2022-02-27,107718018,open,research
Kageneckia oblonga,-33.551495,-70.39929167,2022-02-27,107718002,open,research
Mutisia subulata,-33.5393491,-70.4030793,2022-02-03,106926267,None,research
Trydarssus nobilitatus,-33.5769,-70.3919,2021-11-28,106814500,None,research
Brachystele unilateralis,-33.552105,-70.39939167,2022-02-01,106243486,None,research
Escallonia illinita,-33.56924167,-70.40017,2022-02-02,106218902,None,research
Gochnatia foliolosa,-33.55291667,-70.398955,2022-02-02,106217424,None,research
Gochnatia foliolosa,-33.552825,-70.39917833,2022-02-02,106217211,None,research
Mutisia subulata subulata,-33.55166667,-70.40023,2022-02-02,106217069,None,research
Teucrium bicolor,-33.55154667,-70.40022167,2022-02-02,106217026,None,research
Alstroemeria revoluta,-33.55154667,-70.4002,2022-02-02,106217009,None,research
Gochnatia foliolosa,-33.55160333,-70.40036167,2022-02-02,106216966,None,research
Liolaemus monticola,-33.55278833,-70.399125,2022-02-02,106216871,open,research
Liolaemus monticola,-33.55268,-70.39914667,2022-02-02,106216792,open,research
Zephyranthes advena,-33.55291667,-70.39839167,2022-02-02,106216788,None,research
Calceolaria thyrsiflora,-33.55128,-70.39920833,2022-02-03,106216702,None,research
Quinchamalium chilense,-33.55136167,-70.39884167,2022-02-03,106216614,None,research
Adiantum chilense sulphureum,-33.55012167,-70.39862,2022-02-03,106216562,None,research
Quinchamalium chilense,-33.54985,-70.39859667,2022-02-03,106216524,None,research
Zephyranthes advena,-33.54991667,-70.39849667,2022-02-03,106216504,None,research
Tweedia birostrata,-33.54968833,-70.39840833,2022-02-03,106216497,None,research
Ephedra chilensis,-33.54903333,-70.398995,2022-02-03,106216448,open,research
Colletia hystrix,-33.54828333,-70.40022167,2022-02-03,106193934,None,research
Loasa triloba,-33.57973056,-70.40670833,2019-10-06,105926102,None,research
Lasiurus cinereus villosissimus,-33.58177944,-70.40159263,2022-01-13,104934271,open,research
Alstroemeria revoluta,-33.57436333,-70.39876667,2022-01-11,104810946,None,research
Mitrodetus dentitarsis,-33.52881095,-70.40343691,2021-11-23,104640138,None,research
Austroscaeva melanostoma,-33.53208519,-70.40200651,2021-11-23,104618292,None,research
Leucocoryne ixioides,-33.53448243,-70.40059394,2021-11-22,104617837,None,research
Stachys grandidentata,-33.53358766,-70.40262879,2021-11-16,104616336,None,research
Stenoparedra,-33.53378347,-70.40202071,2021-12-08,104584685,None,research
Hylodanacaea ruficollis,-33.53445757,-70.40124757,2021-11-24,104583413,None,research
Exechohypopion leucomallum,-33.53530864,-70.39758457,2021-12-10,104583218,None,research
Harpactostigma velutinum,-33.53445011,-70.39895786,2021-12-10,104582924,None,research
Stenoparedra,-33.53330539,-70.40307773,2021-06-03,104582838,None,research
Arthrobrachus nigromaculatus,-33.53788417,-70.40033115,2021-12-10,104574316,None,research
Liolaemus tenuis,-33.53473628,-70.40376438,2021-06-03,104574237,None,research
Austroscaeva melanostoma,-33.5378489,-70.4029403,2021-11-24,104572553,None,research
Centris nigerrima,-33.5378489,-70.4029403,2021-06-02,104466770,None,research
Cryptocarya alba,-33.55849939,-70.39698303,2020-12-20,104466750,open,research
Coleopterodes liliputianum,-33.5378489,-70.4029403,2021-06-03,104466465,None,research
Anthrax inordinatus,-33.5378489,-70.4029403,2021-06-03,104460840,None,research
Liolaemus monticola,-33.5378489,-70.4029403,2021-06-03,104460694,open,research
Stenoparedra,-33.5378489,-70.4029403,2021-06-03,104460652,None,research
Alstroemeria ligtu simsii,-33.5378489,-70.4029403,2021-06-03,104460651,None,research
Liolaemus monticola,-33.5378489,-70.4029403,2021-06-03,104460452,open,research
Erythranthe lutea,-33.57331916,-70.40068298,2020-12-26,103763466,None,research
Gunnera tinctoria,-33.57340855,-70.40064006,2020-12-26,103763465,None,research
Liolaemus tenuis,-33.57351582,-70.40059715,2020-12-26,103763464,None,research
Liolaemus tenuis,-33.57353106,-70.40064006,2020-12-26,103763463,None,research
Alstroemeria ligtu simsii,-33.5518862,-70.39961848,2021-11-26,103059356,None,research
Liolaemus lemniscatus,-33.58522488,-70.36541617,2021-10-22,102080726,None,research
Polistes buyssoni,-33.55733826,-70.39775292,2020-12-20,101318168,None,research
Alstroemeria ligtu simsii,-33.57977833,-70.39716333,2021-11-14,101166689,None,research
Calendyma chiliensis,-33.57451167,-70.39868,2021-11-14,101166208,None,research
Liolaemus monticola,-33.56576167,-70.3963,2021-11-14,101166158,open,research
Chaetanthera multicaulis,-33.560895,-70.39663667,2021-11-14,101166104,None,research
Liolaemus lemniscatus,-33.57370333,-70.40031333,2021-11-14,101166038,None,research
Pachodynerus gayi,-33.55020833,-70.39987167,2021-11-14,101165776,None,research
Lasionota rouletii confusa,-33.550225,-70.39985,2021-11-14,101165620,None,research
Puya alpestris zoellneri,-33.5456247,-70.39978431,2021-11-14,101165467,None,research
Malamblia melas,-33.55587771,-70.3981601,2020-12-20,100998149,None,research
Solanum furcatum,-33.5598793,-70.38576508,2021-11-12,100956481,None,research
Leucocoryne ixioides,-33.57877136,-70.39445353,2021-11-07,100531084,None,research
Alstroemeria ligtu simsii,-33.57807653,-70.3937769,2021-11-07,100530668,None,research
Pasithea caerulea,-33.57789112,-70.39373025,2021-11-07,100530599,None,research
Tropaeolum tricolor,-33.579205,-70.39768333,2021-08-09,100016574,None,research
Calceolaria corymbosa,-33.58088667,-70.39640833,2021-10-20,100015284,None,research
Callopistes maculatus,-33.55298667,-70.397775,2021-10-21,99951275,None,research
Leucocoryne ixioides,-33.57681333,-70.3982,2021-10-20,99950949,None,research
Alonsoa meridionalis,-33.57691167,-70.3982,2021-10-20,99950886,None,research
Solenomelus pedunculatus,-33.57708333,-70.39811667,2021-10-20,99950848,None,research
Stachys grandidentata,-33.57664167,-70.3982,2021-10-20,99950755,None,research
Pasithea caerulea,-33.55723833,-70.39759667,2021-10-20,99949311,None,research
Triptiloides randallae,-33.5778,-70.3847,2021-10-24,99354847,None,research
Stachys grandidentata,-33.5769,-70.3919,2021-10-25,99354845,None,research
Calceolaria corymbosa,-33.580115,-70.393506,2021-10-24,99354842,None,research
Stachys grandidentata,-33.577025,-70.398225,2021-10-24,99347161,None,research
Loasa placei,-33.5657,-70.3971,2021-10-24,99347159,None,research
Calceolaria corymbosa,-33.58083333,-70.39646111,2021-10-24,99347156,None,research
Pasithea caerulea,-33.5657,-70.3971,2021-10-24,99347155,None,research
Podanthus mitiqui,-33.5657,-70.3971,2021-10-24,99347153,None,research
Porlieria chilensis,-33.58772,-70.36653833,2021-10-23,99277641,None,research
Porlieria chilensis,-33.58758667,-70.36643333,2021-10-23,99265241,None,research
Sanicula crassicaulis crassicaulis,-33.58718667,-70.366455,2021-10-23,99264419,None,research
Aristotelia chilensis,-33.58729167,-70.36621167,2021-10-23,99264038,None,research
Escallonia pulverulenta,-33.58733,-70.36634667,2021-10-23,99263991,open,research
Leucheria tenuis,-33.58734167,-70.36665333,2021-10-23,99260878,None,research
Loasa triloba,-33.58724667,-70.36659167,2021-10-23,99259768,None,research
Adiantum chilense sulphureum,-33.58743667,-70.36650833,2021-10-23,99259178,None,research
Cystopteris fragilis apiiformis,-33.587445,-70.36643333,2021-10-23,99259106,None,research
Cryptocarya alba,-33.58745333,-70.366455,2021-10-23,99259013,open,research
Kageneckia oblonga,-33.587375,-70.36640833,2021-10-23,99258865,open,research
Alstroemeria ligtu,-33.58732,-70.36617167,2021-10-23,99258789,None,research
Tatochila mercedis mercedis,-33.58653667,-70.36607167,2021-10-23,99258549,None,research
Stachys albicaulis,-33.58541333,-70.36550333,2021-10-23,99247197,None,research
Cheilanthes hypoleuca,-33.58534667,-70.36550333,2021-10-23,99245772,None,research
Calceolaria thyrsiflora,-33.58538833,-70.36543333,2021-10-23,99245672,None,research
Escallonia revoluta,-33.58721161,-70.36650085,2021-10-23,99160214,open,research
Calceolaria thyrsiflora,-33.58542633,-70.36561584,2021-10-23,99159769,None,research
Kageneckia oblonga,-33.5870286,-70.36609301,2021-10-23,99156697,open,research
Cestrum parqui,-33.57234297,-70.39821297,2021-10-16,98665553,open,research
Stachys grandidentata,-33.55768297,-70.398149,2021-10-16,98665376,None,research
Adiantum chilense sulphureum,-33.55767,-70.398212,2021-10-16,98664535,None,research
Oxalis arenaria,-33.566271,-70.397108,2021-10-16,98663880,None,research
Aristotelia chilensis,-33.57739697,-70.397018,2021-10-16,98663553,None,research
Calceolaria corymbosa,-33.58084397,-70.396381,2021-10-16,98663351,None,research
Stellaria chilensis,-33.580969,-70.396376,2021-10-16,98663013,None,research
Eccremocarpus scaber,-33.58083597,-70.396325,2021-10-16,98662782,None,research
Liolaemus tenuis,-33.56732345,-70.34475853,2021-10-03,98237497,None,research
Liolaemus tenuis,-33.56748917,-70.34535016,2021-10-03,98237143,None,research
Liolaemus chiliensis,-33.5828225,-70.38368765,2021-10-09,97717520,None,research
Maytenus boaria,-33.58473009,-70.38309211,2021-08-28,93216285,None,research
Stereum hirsutum,-33.58566435,-70.38320802,2021-08-28,93118667,None,research
Ephedra chilensis,-33.57524555,-70.39389862,2020-12-20,93035638,open,research
Eccremocarpus scaber,-33.57781918,-70.41013286,2016-09-10,92295625,None,research
Cinclodes patagonicus,-33.57562889,-70.40338957,2021-08-05,90216649,open,research
Eccremocarpus scaber,-33.57021693,-70.39415815,2020-11-11,81179139,None,research
Abrothrix longipilis,-33.5814739,-70.39459672,2021-04-21,74922705,open,research
Ormiscodes amphimone,-33.5876332,-70.3913065,2021-04-18,74371755,None,research
Liolaemus chiliensis,-33.58132898,-70.39437239,2021-03-27,72164977,open,research
Liolaemus chiliensis,-33.5738571,-70.40113997,2021-02-06,71767265,open,research
Crataegus monogyna,-33.57127676,-70.39798885,2021-03-04,71044016,None,research
Abrothrix longipilis,-33.58132195,-70.39457392,2021-03-06,70666065,open,research
Liolaemus chiliensis,-33.58124402,-70.39432682,2021-03-04,70560999,open,research
Abrothrix longipilis,-33.58138507,-70.39458834,2021-03-04,70554428,open,research
Rhinella spinulosa,-33.58009712,-70.40684201,2021-03-04,70553457,None,research
Steatoda triangulosa,-33.55171428,-70.40080988,2021-03-02,70476767,None,research
Sicarius thomisoides,-33.57324562,-70.40055122,2021-02-06,70443464,None,research
Hermetia illucens,-33.55839944,-70.41486343,2021-02-26,70207638,None,research
Trichocereus chiloensis chiloensis,-33.53305994,-70.40678831,2020-10-01,70014866,None,research
Syntrichia ruralis,-33.58431815,-70.36443394,2021-02-15,69638616,None,research
Lithraea caustica,-33.58416593,-70.36491137,2021-02-15,69638590,open,research
Apis mellifera,-33.58413101,-70.36391828,2021-02-15,69620731,None,research
Curaeus curaeus curaeus,-33.58422095,-70.36456604,2021-02-12,69453840,open,research
Psyllobora picta,-33.58396985,-70.36447048,2021-02-11,69451669,None,research
Polistes buyssoni,-33.58405337,-70.36391761,2021-02-10,69369428,None,research
Leptoglossus chilensis,-33.58400086,-70.36390521,2021-02-10,69366861,None,research
Naupactus leucoloma,-33.58420922,-70.36442757,2021-02-10,69366754,None,research
Colliguaja odorifera,-33.58431229,-70.36617301,2021-02-09,69325736,None,research
Colletia spinosissima,-33.58384193,-70.36425557,2021-02-09,69304101,open,research
Rachiptera limbata,-33.57991026,-70.36237769,2021-02-07,69281549,None,research
Quillaja saponaria,-33.58457176,-70.36480442,2021-02-08,69261493,open,research
Vespula germanica,-33.58396119,-70.36447652,2021-02-08,69259923,None,research
Rhyephenes humeralis,-33.58415336,-70.36471993,2021-02-08,69257458,None,research
Kageneckia oblonga,-33.58080744,-70.36293391,2021-02-07,69230440,open,research
Adiantum chilense,-33.58161663,-70.36368627,2021-02-07,69229469,None,research
Escallonia illinita,-33.57655691,-70.35956807,2021-02-07,69229390,None,research
Cryptocarya alba,-33.57976082,-70.36106542,2021-02-07,69225671,open,research
Porlieria chilensis,-33.58018651,-70.36211014,2021-02-07,69224398,None,research
Thylamys elegans,-33.58125742,-70.39464232,2021-02-07,69210192,open,research
Liolaemus tenuis,-33.55115067,-70.39873108,2021-01-11,69206059,open,research
Zephyranthes advena,-33.58408549,-70.36351629,2021-02-06,69159987,None,research
Cichorium intybus,-33.58424832,-70.36423042,2021-02-05,69085245,None,research
Harmonia axyridis,-33.58408158,-70.3640943,2021-02-04,69059293,None,research
Cryptocarya alba,-33.58431564,-70.36414996,2021-02-04,69058155,open,research
Polistes buyssoni,-33.58404582,-70.363812,2021-02-04,69054760,None,research
Xylocopa splendidula,-33.58392991,-70.36381166,2021-02-02,69022279,None,research
Leptoglossus occidentalis,-33.58449803,-70.3648309,2021-02-03,69022063,None,research
Lasiurus varius,-33.572884,-70.404336,2015-12-20,67932454,open,research
Escallonia illinita,-33.57222824,-70.40188093,2021-01-07,67850383,None,research
Abrocoma bennettii,-33.58133954,-70.39471038,2021-01-03,67529551,open,research
Liolaemus lemniscatus,-33.58135826,-70.39465372,2021-01-02,67458499,None,research
Liolaemus,-33.58140351,-70.39456554,2021-01-01,67428397,None,research
Gavilea longibracteata,-33.54131283,-70.40337633,2020-10-01,67272182,None,research
Pasithea caerulea,-33.53285994,-70.40707539,2020-10-01,67271631,None,research
Liolaemus chiliensis,-33.58141077,-70.39461315,2020-12-17,66731734,open,research
Philodryas chamissonis,-33.58132251,-70.39456487,2020-12-17,66731640,open,research
Liolaemus chiliensis,-33.58130435,-70.39461751,2020-12-05,66622612,open,research
Liolaemus lemniscatus,-33.58139736,-70.39448708,2020-12-06,66622548,None,research
Liolaemus lemniscatus,-33.58121497,-70.39447937,2020-12-15,66622450,None,research
Liolaemus chiliensis,-33.5815778,-70.39453771,2020-12-01,65996770,open,research
Liolaemus tenuis,-33.58131161,-70.39457124,2020-11-29,65843966,open,research
Alstroemeria ligtu simsii,-33.5770762,-70.3919169,2020-11-19,65636494,None,research
Tropaeolum tricolor,-33.53394789,-70.40394781,2020-10-01,65071230,None,research
Bubo magellanicus,-33.5785,-70.37711333,2020-11-14,64988271,open,research
Chirgus fides,-33.54099579,-70.401615,2020-10-29,64725160,None,research
Mitrodetus dentitarsis,-33.54374329,-70.40285449,2020-11-05,64712580,None,research
Liolaemus chiliensis,-33.56925593,-70.39716294,2020-02-02,64067461,None,research
Elaenia albiceps chilensis,-33.58136859,-70.3945243,2020-10-28,63726509,open,research
Rhopospina fruticeti,-33.58140435,-70.39464902,2020-10-18,63476823,open,research
Phyllotis darwinii,-33.5815544,-70.39448683,2020-10-24,63425628,open,research
Liolaemus lemniscatus,-33.58135547,-70.3945823,2020-10-20,63123935,None,research
Liolaemus lemniscatus,-33.58133144,-70.39459638,2020-10-20,63123500,None,research
Liolaemus tenuis,-33.58150965,-70.39453872,2020-10-17,62803381,open,research
Liolaemus chiliensis,-33.58125044,-70.39474625,2020-10-16,62768582,open,research
Liolaemus lemniscatus,-33.58151943,-70.39447904,2020-10-10,62240563,None,research
Liolaemus tenuis,-33.58136859,-70.39454911,2020-10-09,62122289,None,research
Liolaemus tenuis,-33.58130994,-70.39455347,2020-10-07,61958794,open,research
Liolaemus chiliensis,-33.58131943,-70.3945994,2020-09-21,60856645,None,research
Liolaemus lemniscatus,-33.58125547,-70.39441165,2020-09-15,59681474,None,research
Sephanoides sephaniodes,-33.58109793,-70.39451156,2020-09-15,59668701,open,research
Astylus trifasciatus,-33.58128632,-70.39441488,2020-08-31,58175898,None,research
Lithraea caustica,-33.56772474,-70.39873356,2013-07-15,57251452,None,research
Liolaemus chiliensis,-33.581282,-70.3945186,2020-08-02,55206555,None,research
Phymatioderus bizonatus,-33.58123898,-70.39460301,2020-07-30,54844220,None,research
Myotis chiloensis,-33.5728844,-70.40433613,2015-12-20,53917822,open,research
Lasiurus cinereus,-33.57445196,-70.40299256,2015-12-20,53917819,open,research
Liolaemus lemniscatus,-33.58148591,-70.3946108,2020-07-13,53039080,None,research
Galvarinus chilensis coronellina,-33.58132502,-70.39467651,2020-07-13,52958174,open,research
Geositta rufipennis fasciata,-33.58129122,-70.39455581,2020-07-13,52942235,open,research
Liolaemus tenuis,-33.57406109,-70.40069701,2020-02-02,52440492,open,research
Sicarius thomisoides,-33.5705,-70.341333,2013-03-22,52433684,None,research
Sicarius fumosus,-33.5705,-70.341333,2013-03-22,52433683,None,research
Drimys winteri,-33.52468433,-70.40271034,2011-10-16,52232658,None,research
Apis mellifera,-33.53605502,-70.40394332,2016-10-04,52168100,None,research
Drimys winteri,-33.53605502,-70.40394332,2016-10-04,52168099,None,research
Chloraea galeata,-33.54452852,-70.40213544,2015-09-27,51962394,None,research
Scylaticodes chilensis,-33.56177216,-70.40274032,2017-12-11,48184080,None,research
Jolivetia obscura,-33.56446999,-70.39299404,2019-08-02,47661945,None,research
Neoterius mystax,-33.57178056,-70.40294722,2014-04-30,46977925,None,research
Conognatha costipennis,-33.55020556,-70.398925,2014-04-25,46977620,None,research
Gavilea glandulifera,-33.53798611,-70.40325278,2014-12-08,46974194,None,research
Rhopospina fruticeti,-33.58118787,-70.39443143,2020-05-15,46397079,open,research
Sephanoides sephaniodes,-33.58128508,-70.39448708,2020-05-18,46392453,open,research
Zonotrichia capensis,-33.58137669,-70.39459404,2020-05-13,45903775,open,research
Sephanoides sephaniodes,-33.58131357,-70.39460275,2020-05-09,45407038,open,research
Leptasthenura aegithaloides,-33.58149205,-70.39452195,2020-05-09,45406608,open,research
Sephanoides sephaniodes,-33.58146496,-70.39463729,2020-05-08,45298554,open,research
Phrygilus gayi,-33.58117642,-70.39454643,2020-05-02,44644740,open,research
Sephanoides sephaniodes,-33.5813158,-70.39459437,2020-04-29,44267087,open,research
Phrygilus gayi,-33.58137446,-70.39469261,2020-04-11,41903523,open,research
Liolaemus chiliensis,-33.58137558,-70.39461851,2020-04-06,41535201,open,research
Liolaemus lemniscatus,-33.5814334,-70.39466746,2020-04-05,41455809,None,research
Mutisia latifolia,-33.5716309,-70.41213408,2011-12-10,41208790,None,research
Alstroemeria ligtu,-33.57163826,-70.41215369,2011-12-10,41208786,None,research
Schizanthus hookeri,-33.57163734,-70.41214196,2011-12-10,41208785,None,research
Acanthinodera cumingii,-33.5716325,-70.412149,2011-12-09,41208784,open,research
Rhopospina fruticeti,-33.58149401,-70.39468423,2020-03-22,40556639,open,research
Pteroptochos megapodius,-33.57708302,-70.35259179,2012-09-19,40365650,open,research
Phytotoma rara,-33.5815806,-70.39483745,2020-03-20,40290675,open,research
Liolaemus lemniscatus,-33.58175294,-70.39413001,2020-03-17,40135675,None,research
Thylamys elegans,-33.58121413,-70.39455716,2020-02-09,38870100,open,research
Elaenia albiceps chilensis,-33.58130742,-70.39463192,2020-01-28,38057525,open,research
Liolaemus chiliensis,-33.58147243,-70.39463436,2020-01-25,37960582,None,research
Elaenia albiceps chilensis,-33.58140323,-70.39463896,2020-01-23,37872482,open,research
Liolaemus tenuis,-33.58141836,-70.394568,2020-01-18,37716445,open,research
Liolaemus tenuis,-33.54003391,-70.40160637,2016-12-11,37594049,open,research
Lanopini,-33.53993375,-70.40340881,2016-12-11,37594048,None,research
Alstroemeria ligtu simsii,-33.5439399,-70.40212135,2016-12-11,37594046,None,research
Polycesta costata,-33.54194737,-70.40239945,2016-12-11,37594042,None,research
Nemognatha nigrotarsata,-33.54230148,-70.4016407,2016-12-10,37594041,None,research
Elaenia albiceps chilensis,-33.58136625,-70.39461318,2020-01-12,37522905,open,research
Anairetes parulus,-33.58134979,-70.39463123,2020-01-02,37191456,open,research
Elaenia albiceps chilensis,-33.58135234,-70.39468361,2019-12-30,37102999,open,research
Microdon violaceus,-33.57131989,-70.39864818,2019-11-24,36740786,None,research
Calendyma chiliensis,-33.5711989,-70.39898818,2019-11-24,36678216,None,research
Lasionota minor,-33.57144374,-70.39919523,2019-11-24,36678169,None,research
Saropogon gayi,-33.57254815,-70.39974565,2019-11-24,36678096,None,research
Gerstaeckerella chilensis,-33.57176551,-70.39932713,2019-11-24,36678009,None,research
Tyndaris planata,-33.57152588,-70.39853392,2019-11-24,36677976,None,research
Xylocopa augusti,-33.5323084,-70.40897675,2019-10-18,35355169,None,research
Veronica anagallis-aquatica,-33.57637833,-70.40398,2019-11-04,35300190,open,research
Acarospora socialis,-33.5691046,-70.38199774,2019-08-31,35038234,None,research
Cistanthe grandiflora,-33.57160538,-70.38223377,2019-08-31,35038231,None,research
Tropaeolum tricolor,-33.57113604,-70.38144001,2019-08-31,35038228,None,research
Lasionota conjuncta,-33.57341003,-70.3998119,2019-01-07,32838007,None,research
Schinus latifolia,-33.58494045,-70.36477827,2019-04-29,24797739,None,research
Harmonia axyridis,-33.57499877,-70.40186513,2012-04-20,24791251,None,research
Porlieria chilensis,-33.58730333,-70.36573,2019-04-29,24294049,open,research
Bothriurus keyserlingi,-33.58710833,-70.36557,2019-04-29,24293881,None,research
Trichocereus chiloensis,-33.58702833,-70.365745,2019-04-29,24293777,None,research
Cichorium intybus,-33.58843333,-70.366255,2019-04-29,24293692,None,research
Colliguaja odorifera,-33.58747167,-70.36578333,2019-04-29,24293397,None,research
Rachiptera limbata,-33.58768,-70.36568333,2019-04-29,24293218,None,research
Kageneckia oblonga,-33.58765793,-70.36560822,2019-04-29,24129559,open,research
Vachellia caven,-33.58781815,-70.36605072,2019-04-29,24129097,None,research
Tessaria absinthioides,-33.57509995,-70.34369659,2019-04-29,24129013,None,research
Baccharis linearis,-33.5877037,-70.36560059,2019-04-29,24128754,None,research
Cryptocarya alba,-33.58794742,-70.3656121,2019-04-29,24072677,open,research
Trichocereus chiloensis,-33.58784073,-70.36584981,2019-04-29,24071385,None,research
Cryptocarya alba,-33.58847333,-70.36614833,2019-04-29,24055727,open,research
Lithraea caustica,-33.5870915,-70.36607796,2019-04-29,24034099,None,research
Lithraea caustica,-33.588255,-70.36589167,2019-04-29,24015225,None,research
Vespula germanica,-33.58790333,-70.36589167,2019-04-29,24014624,None,research
Quillaja saponaria,-33.587565,-70.36570333,2019-04-29,24001727,None,research
Lithraea caustica,-33.58756,-70.36565333,2019-04-29,24001197,None,research
Colliguaja odorifera,-33.58702479,-70.36567136,2019-04-29,23986103,None,research
Kageneckia oblonga,-33.5871913,-70.3655592,2019-04-29,23985719,None,research
Cryptocarya alba,-33.58865299,-70.36628362,2019-04-29,23976218,open,research
Rachiptera limbata,-33.58861923,-70.36685181,2018-02-09,23845289,None,research
Lithraea caustica,-33.57792167,-70.40905885,2019-04-19,22721066,None,research
Quillaja saponaria,-33.57789363,-70.40859274,2019-04-19,22720970,None,research
Lithraea caustica,-33.58687107,-70.36558754,2019-03-28,21737883,None,research
Callopistes maculatus,-33.55650954,-70.37742119,2019-03-17,21670448,None,research
Sphex latreillei,-33.57014846,-70.34790516,2013-11-29,10877373,None,research
Philodryas chamissonis,-33.5450073,-70.40150642,2016-01-03,9702709,open,research
Liolaemus nitidus,-33.55464621,-70.39760113,2016-01-03,9702692,None,research
???,-33.58489291,-70.37282218,2023-04-02,155035408,None,needs_id
???,-33.57791902,-70.38767912,2023-04-02,153637019,None,needs_id
???,-33.58326701,-70.38218492,2023-04-02,153631216,None,needs_id
???,-33.58205764,-70.3806311,2023-04-02,153630847,None,needs_id
???,-33.58183587,-70.37948568,2023-04-02,153630498,None,needs_id
???,-33.58109232,-70.38243354,2023-04-02,153629997,None,needs_id
???,-33.58239729,-70.38138212,2023-04-02,153629512,None,needs_id
???,-33.53723386,-70.38707312,2022-12-12,152370907,None,needs_id
???,-33.577814,-70.38975167,2023-03-12,150979659,None,needs_id
???,-33.53697,-70.403275,2023-01-24,149270687,open,needs_id
???,-33.56431165,-70.39604981,2023-02-04,148353262,None,needs_id
???,-33.58096622,-70.3965222,2023-02-07,148274876,None,needs_id
???,-33.57199667,-70.400695,2023-02-04,148063513,None,needs_id
???,-33.580057,-70.3965926,2023-01-22,147952112,None,needs_id
???,-33.57747805,-70.39194024,2023-01-22,147133255,None,needs_id
???,-33.57726285,-70.39206119,2023-01-22,147125214,None,needs_id
???,-33.57721851,-70.39183413,2023-01-22,147125122,None,needs_id
???,-33.58539167,-70.38901111,2022-12-24,146787064,None,needs_id
???,-33.58833611,-70.38944444,2023-01-15,146786783,None,needs_id
???,-33.58538611,-70.38903056,2023-01-16,146786685,None,needs_id
???,-33.56374428,-70.39622717,2022-11-03,146381364,None,needs_id
???,-33.5764046,-70.4030538,2023-01-09,146206731,None,needs_id
???,-33.57642297,-70.40306497,2023-01-04,145841157,None,needs_id
???,-33.55774686,-70.38134,2023-01-01,145698210,None,needs_id
???,-33.55783842,-70.38165281,2023-01-01,145698191,None,needs_id
???,-33.57688653,-70.35767108,2022-12-09,144223882,None,needs_id
???,-33.58761881,-70.39374285,2022-12-11,144173911,open,needs_id
???,-33.577095,-70.406105,2022-12-09,144172023,None,needs_id
???,-33.540195,-70.40316167,2022-12-10,144108129,open,needs_id
???,-33.57791111,-70.36479604,2022-11-30,144085669,None,needs_id
???,-33.58395672,-70.36375534,2022-12-09,144037484,None,needs_id
???,-33.57648987,-70.35785045,2022-12-09,144034474,None,needs_id
???,-33.577222,-70.35784341,2022-12-09,144034464,None,needs_id
???,-33.57685859,-70.35778776,2022-12-09,144034442,None,needs_id
???,-33.576453,-70.40298797,2022-12-03,143560182,None,needs_id
???,-33.5866808,-70.3929475,2022-12-02,143526074,None,needs_id
???,-33.58003833,-70.39473667,2022-11-27,143206207,None,needs_id
???,-33.58102432,-70.39652412,2022-11-19,142445126,open,needs_id
???,-33.57635197,-70.40311697,2022-11-16,142217724,None,needs_id
???,-33.58116599,-70.39629854,2022-11-13,141983462,None,needs_id
???,-33.581206,-70.3961176,2022-11-13,141983460,None,needs_id
???,-33.58132687,-70.39618857,2022-11-13,141983459,None,needs_id
???,-33.57868785,-70.39510219,2022-11-13,141983454,None,needs_id
???,-33.57859787,-70.39511579,2022-11-13,141983453,None,needs_id
???,-33.577876,-70.393631,2022-11-13,141983450,None,needs_id
???,-33.57688213,-70.39350174,2022-11-13,141983449,None,needs_id
???,-33.576638,-70.39356409,2022-11-13,141983448,None,needs_id
???,-33.58130186,-70.39596203,2022-11-13,141983447,None,needs_id
???,-33.57739233,-70.39091555,2022-11-13,141950943,None,needs_id
???,-33.57779966,-70.39075462,2022-11-13,141950941,None,needs_id
???,-33.5774141,-70.39114354,2022-11-13,141950940,None,needs_id
???,-33.57762415,-70.39064614,2022-11-13,141950936,None,needs_id
???,-33.5778288,-70.39107262,2022-11-13,141950935,None,needs_id
???,-33.57752565,-70.39113699,2022-11-13,141950934,None,needs_id
???,-33.5776957,-70.39098032,2022-11-13,141950927,None,needs_id
???,-33.57759218,-70.39086278,2022-11-13,141950920,None,needs_id
???,-33.5775235,-70.39086106,2022-11-13,141950919,None,needs_id
???,-33.57782592,-70.39406214,2022-11-13,141940697,None,needs_id
???,-33.57806055,-70.39434646,2022-11-13,141940696,None,needs_id
???,-33.57792424,-70.3942955,2022-11-13,141940695,None,needs_id
???,-33.57800916,-70.3940398,2022-11-13,141940694,None,needs_id
???,-33.57788849,-70.3943268,2022-11-13,141940692,None,needs_id
???,-33.57793541,-70.39406571,2022-11-13,141940688,None,needs_id
???,-33.57806055,-70.39422933,2022-11-13,141940687,None,needs_id
???,-33.577962,-70.394173,2022-11-13,141940684,None,needs_id
???,-33.57797764,-70.39419982,2022-11-13,141940683,None,needs_id
???,-33.58003056,-70.39665833,2022-11-13,141937075,None,needs_id
???,-33.57945278,-70.39550278,2022-11-13,141937073,None,needs_id
???,-33.58001667,-70.39620556,2022-11-13,141937071,None,needs_id
???,-33.58003611,-70.396275,2022-11-13,141937070,None,needs_id
???,-33.58025,-70.39669444,2022-11-13,141935721,None,needs_id
???,-33.57982,-70.395179,2022-11-13,141934015,None,needs_id
???,-33.55985555,-70.3872861,2022-11-13,141928551,None,needs_id
???,-33.56179518,-70.39195071,2022-11-13,141927350,None,needs_id
???,-33.56355172,-70.39457873,2022-11-13,141927342,None,needs_id
???,-33.56350894,-70.39459363,2022-11-13,141927328,None,needs_id
???,-33.57820875,-70.39705763,2022-11-13,141910368,None,needs_id
???,-33.57966928,-70.39699016,2022-11-13,141909574,None,needs_id
???,-33.58023847,-70.39677116,2022-11-13,141909205,None,needs_id
???,-33.58078851,-70.39756796,2022-11-13,141909077,None,needs_id
???,-33.581098,-70.3975832,2022-11-13,141909015,None,needs_id
???,-33.58028012,-70.39664902,2022-11-13,141908640,None,needs_id
???,-33.58202805,-70.39754138,2022-11-13,141908010,None,needs_id
???,-33.57536582,-70.40237781,2021-10-31,141161279,None,needs_id
???,-33.57638037,-70.40304702,2021-02-28,141159081,None,needs_id
???,-33.5763999,-70.4030615,2021-04-24,141158097,None,needs_id
???,-33.57644238,-70.40303025,2021-08-28,141157314,None,needs_id
???,-33.57821333,-70.37359667,2022-10-25,141104866,None,needs_id
???,-33.536454,-70.396327,2022-10-30,140935107,None,needs_id
???,-33.536454,-70.396327,2022-10-30,140935044,None,needs_id
???,-33.5378489,-70.4029403,2022-10-30,140935043,None,needs_id
???,-33.579045,-70.38799167,2022-10-26,140932156,None,needs_id
???,-33.58229526,-70.38043512,2021-09-25,140924467,None,needs_id
???,-33.57619531,-70.39607621,2022-09-10,140924399,None,needs_id
???,-33.53771426,-70.4029404,2022-10-31,140829588,None,needs_id
???,-33.57818458,-70.37553582,2022-10-26,140186200,None,needs_id
???,-33.5776447,-70.37207311,2022-10-25,140186199,None,needs_id
???,-33.5771799,-70.36962694,2022-10-25,140186198,None,needs_id
???,-33.57542791,-70.38559145,2022-10-25,140186197,None,needs_id
???,-33.57543405,-70.38735097,2022-10-25,140186196,None,needs_id
???,-33.579025,-70.38798667,2022-10-26,140157647,open,needs_id
???,-33.57655,-70.36755333,2022-10-25,140157535,None,needs_id
???,-33.57747167,-70.37026167,2022-10-25,140157359,None,needs_id
???,-33.57774667,-70.37132167,2022-10-25,140157292,None,needs_id
???,-33.57760333,-70.37152167,2022-10-25,140157238,None,needs_id
???,-33.578435,-70.377037,2022-10-20,139632977,open,needs_id
???,-33.579151,-70.380642,2022-10-20,139632664,None,needs_id
???,-33.580152,-70.382959,2022-10-20,139632415,None,needs_id
???,-33.579906,-70.396125,2022-10-20,139631877,open,needs_id
???,-33.580049,-70.39591,2022-10-20,139631570,None,needs_id
???,-33.5657,-70.3971,2021-11-29,138402437,None,needs_id
???,-33.5657,-70.3971,2021-11-29,138395756,None,needs_id
???,-33.5657,-70.3971,2021-11-29,138395754,None,needs_id
???,-33.5657,-70.3971,2021-11-29,138395747,None,needs_id
???,-33.5657,-70.3971,2021-11-29,138395741,None,needs_id
???,-33.57576134,-70.39855336,2021-11-29,138395740,None,needs_id
???,-33.57577073,-70.39853767,2021-11-29,138395739,None,needs_id
???,-33.57990607,-70.39512126,2021-11-29,138395738,None,needs_id
???,-33.57380588,-70.39827355,2021-11-29,138395737,None,needs_id
???,-33.58181111,-70.39451389,2022-10-08,138325501,None,needs_id
???,-33.57728611,-70.39293611,2022-10-08,138176507,None,needs_id
???,-33.58049801,-70.39643462,2022-10-08,138054731,None,needs_id
???,-33.586605,-70.36628667,2022-10-02,138045318,None,needs_id
???,-33.58188333,-70.39478056,2022-10-08,138028318,None,needs_id
???,-33.585555,-70.365975,2022-10-02,138009720,None,needs_id
???,-33.58150429,-70.39504943,2022-10-08,137997742,None,needs_id
???,-33.58183958,-70.39453626,2022-10-08,137994255,None,needs_id
???,-33.58197222,-70.39510278,2022-10-08,137993567,None,needs_id
???,-33.58726319,-70.3663314,2022-10-02,137811777,None,needs_id
???,-33.57864742,-70.39120261,2022-09-10,137018013,None,needs_id
???,-33.57865556,-70.37706667,2022-09-10,134841816,None,needs_id
???,-33.56350833,-70.36608056,2022-09-10,134840756,None,needs_id
???,-33.5861585,-70.39706469,2022-08-30,133004828,None,needs_id
???,-33.55632893,-70.37567294,2022-08-13,131027733,None,needs_id
???,-33.54548765,-70.40179912,2022-06-30,127774514,None,needs_id
???,-33.54508163,-70.40188026,2022-06-30,126832373,None,needs_id
???,-33.57843292,-70.38968275,2022-07-11,125839196,None,needs_id
???,-33.5769,-70.3919,2022-07-03,125800473,None,needs_id
???,-33.5769,-70.3919,2022-07-03,125800471,None,needs_id
???,-33.57832167,-70.38266167,2022-07-02,125495994,None,needs_id
???,-33.57833833,-70.3823,2022-07-02,125495709,None,needs_id
???,-33.55144499,-70.39967594,2022-02-03,123632985,None,needs_id
???,-33.5521094,-70.39983557,2022-02-02,123632755,None,needs_id
???,-33.55158255,-70.399491,2022-02-02,123632730,None,needs_id
???,-33.54107,-70.403345,2021-10-11,106813036,None,needs_id
???,-33.55296333,-70.39900333,2022-02-02,106217334,None,needs_id
???,-33.55234167,-70.399475,2022-02-02,106217179,None,needs_id
???,-33.552095,-70.399825,2022-02-02,106217121,None,needs_id
???,-33.55173667,-70.40046667,2022-02-02,106216953,None,needs_id
???,-33.553375,-70.398895,2022-02-02,106216756,None,needs_id
???,-33.550305,-70.39849667,2022-02-03,106216606,None,needs_id
???,-33.548595,-70.39988,2022-02-03,106194084,None,needs_id
???,-33.55272833,-70.399025,2022-02-04,106193904,None,needs_id
???,-33.55253833,-70.39875833,2022-02-04,106193860,None,needs_id
???,-33.58013889,-70.40702778,2019-10-06,105926101,None,needs_id
???,-33.580155,-70.39673667,2022-01-11,104810932,None,needs_id
???,-33.57048167,-70.38346667,2022-01-11,104780148,None,needs_id
???,-33.53659683,-70.40049746,2021-12-13,104642349,None,needs_id
???,-33.53530864,-70.39895786,2021-06-02,104642234,None,needs_id
???,-33.53295884,-70.40058997,2021-11-23,104618608,None,needs_id
???,-33.53312261,-70.3977579,2021-12-11,104618465,None,needs_id
???,-33.5308143,-70.40309359,2021-12-08,104584981,None,needs_id
???,-33.53410356,-70.39938834,2021-12-10,104583729,None,needs_id
???,-33.53625174,-70.40275027,2021-12-10,104583464,None,needs_id
???,-33.5330192,-70.40342105,2021-12-09,104573986,None,needs_id
???,-33.53387775,-70.40376438,2021-06-02,104573925,None,needs_id
???,-33.53273302,-70.40204776,2021-11-24,104573787,None,needs_id
???,-33.52844016,-70.40239108,2021-06-02,104573662,None,needs_id
???,-33.53502246,-70.40239108,2021-03-04,104572724,None,needs_id
???,-33.53731184,-70.40307773,2021-12-08,104572520,None,needs_id
???,-33.53502246,-70.39689792,2021-06-02,104572487,None,needs_id
???,-33.53216065,-70.39552463,2021-12-09,104572309,None,needs_id
???,-33.53616716,-70.40170444,2021-06-02,104572182,None,needs_id
???,-33.5378489,-70.4029403,2021-06-03,104487241,None,needs_id
???,-33.5378489,-70.4029403,2021-06-03,104487176,None,needs_id
???,-33.5378489,-70.4029403,2021-06-03,104487109,None,needs_id
???,-33.5378489,-70.4029403,2021-06-03,104486747,None,needs_id
???,-33.5378489,-70.4029403,2021-06-03,104469088,None,needs_id
???,-33.5378489,-70.4029403,2021-06-02,104466507,None,needs_id
???,-33.5378489,-70.4029403,2021-06-03,104462932,None,needs_id
???,-33.5378489,-70.4029403,2021-06-03,104460582,None,needs_id
???,-33.5378489,-70.4029403,2021-06-03,104460535,None,needs_id
???,-33.5378489,-70.4029403,2021-06-03,104460495,None,needs_id
???,-33.58341167,-70.39469167,2021-11-14,101166745,None,needs_id
???,-33.57701333,-70.398125,2021-11-14,101166613,None,needs_id
???,-33.58022833,-70.39682,2021-11-14,101166523,None,needs_id
???,-33.57502,-70.39873667,2021-11-14,101166268,None,needs_id
???,-33.55021333,-70.39983333,2021-11-14,101165964,None,needs_id
???,-33.57899494,-70.39484079,2021-11-07,100531184,None,needs_id
???,-33.55289667,-70.39785,2021-10-21,99951112,None,needs_id
???,-33.55315333,-70.397955,2021-10-22,99951023,None,needs_id
???,-33.55297167,-70.39784167,2021-10-22,99951001,None,needs_id
???,-33.56376667,-70.396155,2021-10-31,99949203,None,needs_id
???,-33.577025,-70.39820833,2021-10-24,99347158,None,needs_id
???,-33.58753333,-70.36659167,2021-10-23,99265523,None,needs_id
???,-33.58757833,-70.36658667,2021-10-23,99265458,None,needs_id
???,-33.58757833,-70.36637167,2021-10-23,99265164,None,needs_id
???,-33.58730833,-70.36641667,2021-10-23,99265099,None,needs_id
???,-33.5858,-70.36605,2021-10-23,99264965,None,needs_id
???,-33.58584167,-70.36608833,2021-10-23,99264614,None,needs_id
???,-33.585955,-70.36605,2021-10-23,99264500,None,needs_id
???,-33.58651667,-70.366325,2021-10-23,99264355,None,needs_id
???,-33.58713,-70.36647833,2021-10-23,99263807,None,needs_id
???,-33.58741167,-70.36676167,2021-10-23,99259823,None,needs_id
???,-33.58746333,-70.366455,2021-10-23,99258928,None,needs_id
???,-33.58547,-70.36546333,2021-10-23,99258282,None,needs_id
???,-33.58508667,-70.36551667,2021-10-23,99247037,None,needs_id
???,-33.58509667,-70.365775,2021-10-23,99246951,None,needs_id
???,-33.58529667,-70.36537167,2021-10-23,99246288,None,needs_id
???,-33.56597697,-70.396906,2021-10-16,98664166,None,needs_id
???,-33.570833,-70.345961,2021-10-09,97999530,None,needs_id
???,-33.58361142,-70.3798021,2021-10-09,97717563,None,needs_id
???,-33.58454167,-70.38468833,2021-07-04,93216722,None,needs_id
???,-33.585445,-70.38476667,2021-07-04,93216574,None,needs_id
???,-33.55716531,-70.39798918,2020-12-20,93152284,None,needs_id
???,-33.55697577,-70.39777139,2020-12-20,93152166,open,needs_id
???,-33.55451928,-70.39791749,2020-12-20,93047913,None,needs_id
???,-33.58132011,-70.39448556,2021-04-18,74372077,None,needs_id
???,-33.56946922,-70.41332176,2021-02-24,70121674,None,needs_id
???,-33.58403912,-70.36442019,2021-02-15,69640589,None,needs_id
???,-33.58522562,-70.36523022,2021-02-15,69636361,None,needs_id
???,-33.58359697,-70.36398366,2021-02-15,69628325,None,needs_id
???,-33.58406538,-70.3644802,2021-02-15,69626188,None,needs_id
???,-33.58398829,-70.36457945,2021-02-15,69625566,None,needs_id
???,-33.58426452,-70.36402121,2021-02-15,69619978,None,needs_id
???,-33.58406202,-70.36469311,2021-02-14,69611480,None,needs_id
???,-33.58028874,-70.36112946,2021-02-12,69500400,None,needs_id
???,-33.58361652,-70.36355753,2021-02-11,69451955,None,needs_id
???,-33.5850977,-70.36555812,2021-02-10,69387882,open,needs_id
???,-33.58384612,-70.36478799,2021-02-10,69378204,None,needs_id
???,-33.58457204,-70.36433369,2021-02-10,69366724,None,needs_id
???,-33.58460724,-70.36431994,2021-02-10,69366702,None,needs_id
???,-33.58452344,-70.36434978,2021-02-10,69366672,None,needs_id
???,-33.58444831,-70.36440142,2021-02-10,69366630,None,needs_id
???,-33.58451143,-70.36428843,2021-02-10,69366589,None,needs_id
???,-33.58433212,-70.36423713,2021-02-10,69365930,None,needs_id
???,-33.58445753,-70.36436655,2021-02-09,69305392,None,needs_id
???,-33.58410811,-70.3646512,2021-02-08,69277150,None,needs_id
???,-33.58160713,-70.40581238,2021-02-08,69255467,open,needs_id
???,-33.58498067,-70.36560539,2021-02-05,69218513,None,needs_id
???,-33.58417878,-70.36475446,2021-02-07,69210437,None,needs_id
???,-33.57993735,-70.36005188,2021-02-06,69209337,None,needs_id
???,-33.58403158,-70.36469009,2021-02-07,69202271,None,needs_id
???,-33.58403605,-70.36459889,2021-02-05,69101466,None,needs_id
???,-33.5842433,-70.36431961,2021-02-04,69054635,None,needs_id
???,-33.58447373,-70.36420695,2021-02-03,69020239,None,needs_id
???,-33.55264792,-70.39904169,2021-01-19,68408904,None,needs_id
???,-33.58138563,-70.39449848,2021-01-02,67455036,None,needs_id
???,-33.58152613,-70.39461885,2020-12-17,66731539,None,needs_id
???,-33.58130435,-70.39459068,2020-10-25,63579276,None,needs_id
???,-33.58130938,-70.39461382,2020-10-20,63124127,open,needs_id
???,-33.58130882,-70.39446462,2020-10-14,62564441,None,needs_id
???,-33.58218057,-70.39423127,2020-10-06,61959444,None,needs_id
???,-33.56032186,-70.35379529,2019-10-05,58059010,None,needs_id
???,-33.56772474,-70.39873356,2013-07-15,57251454,None,needs_id
???,-33.56772474,-70.39873356,2013-07-15,57251450,None,needs_id
???,-33.56772474,-70.39873356,2013-07-15,57251448,None,needs_id
???,-33.56772474,-70.39873356,2013-07-15,57251447,None,needs_id
???,-33.56772474,-70.39873356,2013-07-15,57251446,None,needs_id
???,-33.5705,-70.341333,2013-03-22,52433687,None,needs_id
???,-33.56534393,-70.39737641,2016-11-06,52171243,None,needs_id
???,-33.58047379,-70.39644194,2020-06-27,51128971,open,needs_id
???,-33.56340241,-70.39453933,2019-08-02,47661947,None,needs_id
???,-33.5655892,-70.39653178,2012-12-01,47583595,None,needs_id
???,-33.57178056,-70.40294722,2014-04-30,46977928,None,needs_id
???,-33.56333611,-70.39572778,2014-10-05,46974010,None,needs_id
???,-33.5633,-70.39584444,2014-10-05,46974006,None,needs_id
???,-33.56346111,-70.39588056,2014-10-05,46973859,None,needs_id
???,-33.57162824,-70.41214221,2011-12-10,41208793,None,needs_id
???,-33.5378489,-70.4029403,2016-12-12,40302095,None,needs_id
???,-33.53950451,-70.40194969,2016-12-11,37594043,None,needs_id
???,-33.58125639,-70.39446762,2019-12-29,37085116,None,needs_id
???,-33.5696689,-70.38143984,2019-08-31,35038235,None,needs_id
???,-33.56969237,-70.38231961,2019-08-31,35038233,None,needs_id
???,-33.57062206,-70.38279167,2019-08-31,35038232,None,needs_id
???,-33.57106903,-70.38208357,2019-08-31,35038229,None,needs_id
???,-33.57327125,-70.39909133,2019-01-07,32836513,None,needs_id
???,-33.57973233,-70.35645135,2019-04-29,24797820,None,needs_id
???,-33.58163981,-70.3612297,2019-04-29,24797618,None,needs_id
???,-33.57499877,-70.40186513,2012-04-21,24791259,None,needs_id
???,-33.57499877,-70.40186513,2012-04-21,24791258,None,needs_id
???,-33.57499877,-70.40186513,2012-04-21,24791255,None,needs_id
???,-33.57499877,-70.40186513,2012-04-21,24791254,None,needs_id
???,-33.57499877,-70.40186513,2012-04-21,24791253,None,needs_id
???,-33.57499877,-70.40186513,2012-04-20,24791252,None,needs_id
???,-33.57499877,-70.40186513,2012-04-21,24791250,None,needs_id
???,-33.587445,-70.36576167,2019-04-29,24294061,None,needs_id
???,-33.58717167,-70.36573833,2019-04-29,24294002,None,needs_id
???,-33.58719167,-70.36568333,2019-04-29,24293970,None,needs_id
???,-33.58719667,-70.36576167,2019-04-29,24293939,None,needs_id
???,-33.58714167,-70.36565333,2019-04-29,24293831,None,needs_id
???,-33.5872,-70.36573833,2019-04-29,24293332,None,needs_id
???,-33.57513046,-70.34592438,2019-04-29,24129674,None,needs_id
???,-33.58772659,-70.36546326,2019-04-29,24129195,None,needs_id
???,-33.58769989,-70.36579132,2019-04-29,24128824,None,needs_id
???,-33.5877037,-70.36556244,2019-04-29,24128782,None,needs_id
???,-33.5886546,-70.36627628,2019-04-29,24071680,None,needs_id
???,-33.58702667,-70.36573667,2019-04-29,24068379,None,needs_id
???,-33.58750667,-70.36559333,2019-04-29,24068237,None,needs_id
???,-33.58780667,-70.36557167,2019-04-29,24055701,None,needs_id
???,-33.58755167,-70.36564,2019-04-29,24055667,None,needs_id
???,-33.58804753,-70.36584737,2019-04-29,24034643,None,needs_id
???,-33.5876756,-70.36555887,2019-04-29,24034573,None,needs_id
???,-33.58731348,-70.36565386,2019-04-29,24034440,None,needs_id
???,-33.58697475,-70.3656143,2019-04-29,24034226,None,needs_id
???,-33.58813833,-70.36592833,2019-04-29,24015024,None,needs_id
???,-33.58772167,-70.36565333,2019-04-29,24014392,None,needs_id
???,-33.58750667,-70.36533,2019-04-29,24003610,None,needs_id
???,-33.58772333,-70.36558667,2019-04-29,24002376,None,needs_id
???,-33.58711333,-70.36561333,2019-04-29,23998695,None,needs_id
???,-33.58719334,-70.36564135,2019-04-29,23987157,None,needs_id
???,-33.58797924,-70.36571587,2019-04-29,23987116,None,needs_id
???,-33.58764689,-70.36555896,2019-04-29,23986757,None,needs_id
???,-33.58691189,-70.36571452,2019-04-29,23986337,None,needs_id
???,-33.58703409,-70.36560531,2019-04-29,23982321,None,needs_id
???,-33.58830533,-70.36618287,2019-04-29,23975233,None,needs_id
???,-33.55434333,-70.39799833,2014-08-31,19537016,None,needs_id
???,-33.57915636,-70.40607879,2018-09-04,16768978,None,needs_id
???,-33.55501824,-70.39444654,2014-08-27,16734676,None,needs_id
???,-33.52464152,-70.37237328,???,152371121,open,casual
???,-33.58098593,-70.36241155,???,145430953,open,casual
???,-33.58263976,-70.36497742,???,145430427,open,casual
???,-33.58412599,-70.36575358,???,145430363,open,casual
???,-33.57054431,-70.39811309,???,142113842,None,casual
???,-33.57785,-70.39375333,???,139876111,None,casual
???,-33.580925,-70.396125,???,139631498,None,casual
???,-33.54988636,-70.42067268,???,138769256,None,casual
???,-33.58184136,-70.39458063,???,137999026,None,casual
???,-33.5861585,-70.39706469,???,133068182,None,casual
???,-33.54893441,-70.39943106,???,127288642,None,casual
???,-33.58281322,-70.39061241,???,118066293,None,casual
???,-33.56040568,-70.38867943,???,100956295,open,casual
???,-33.56073312,-70.38960278,???,100817246,None,casual
???,-33.5800097,-70.38357016,???,75586811,None,casual
???,-33.5371749,-70.40405553,???,71925317,None,casual
???,-33.548242,-70.4004902,???,71923636,None,casual
???,-33.57919016,-70.3606708,???,69229418,None,casual
???,-33.5378489,-70.4029403,???,38919068,None,casual
???,-33.58840333,-70.36625,???,24293627,None,casual
???,-33.5885582,-70.36634064,???,24128720,None,casual
???,-33.58413073,-70.36386296,???,24071768,None,casual
???,-33.58407962,-70.36352634,???,24064347,None,casual
???,-33.57002167,-70.39887167,???,12243679,None,casual
???,-33.53733087,-70.41252322,???,6553943,None,casual